{
  "id": "083d09d4-7ed3-4100-b021-8fbe30dd43e8",
  "anticapitalism": 0.7715585414248713,
  "baseThirst": 1.0837081572225478,
  "buoyancy": 0.9190386558929515,
  "chasiness": 0.6821760105524166,
  "coldness": 0.5542490771184405,
  "continuation": 0.9751231462319436,
  "divinity": 1.2164554950661912,
  "groundFriction": 1.0870693806274312,
  "indulgence": 0.7691018871160651,
  "laserlikeness": 0.5783179230872257,
  "martyrdom": 1.5743961867934053,
  "moxie": 0.9824746391865744,
  "musclitude": 1.3262941924123677,
  "name": "Jessica Telephone",
  "bat": "GUNBLADE_A",
  "omniscience": 0.7104289779019639,
  "overpowerment": 0.6892427934187828,
  "patheticism": 0.21590198952572454,
  "ruthlessness": 0.5221803174782815,
  "shakespearianism": 0.9957369039444792,
  "suppression": 1.0028774318124143,
  "tenaciousness": 0.4457180604303871,
  "thwackability": 1.1132820621017052,
  "tragicness": 0.1,
  "unthwackability": 0.40018316390635833,
  "watchfulness": 0.6569065120599864,
  "pressurization": 0.19240544381174618,
  "totalFingers": 13,
  "soul": 7,
  "deceased": false,
  "peanutAllergy": false,
  "cinnamon": 0.3542455840750931,
  "fate": 16,
  "armor": "",
  "ritual": "Batting Practice",
  "coffee": 2,
  "blood": 5,
  "permAttr": [
    "SHELLED"
  ],
  "seasAttr": [],
  "weekAttr": [],
  "gameAttr": []
}
